ValueType	7055	ValueType
Format	8276	Format
api.VideoAdCallbackStatus	89336	api_VideoAdCallbackStatus
api.VideoAdTrackedAction	89342	api_VideoAdTrackedAction
api.ProviderState	89352	api_ProviderState
away3d.loaders.parsers.DAEParserState	114968	away3d_loaders_parsers_DAEParserState
de.innogames.onyx.city.ancientwonders.views.details.components.runes.DisableButtonReason	377391	de_innogames_onyx_city_ancientwonders_views_details_components_runes_DisableButtonReason
de.innogames.onyx.city.ancientwonders.views.gallery.AncientWonderState	380046	de_innogames_onyx_city_ancientwonders_views_gallery_AncientWonderState
de.innogames.onyx.city.ancientwonders.views.gallery.ResourceStateValue	380059	de_innogames_onyx_city_ancientwonders_views_gallery_ResourceStateValue
de.innogames.onyx.city.ancientwonders.views.gallery.FavoriteFlagStateValue	380066	de_innogames_onyx_city_ancientwonders_views_gallery_FavoriteFlagStateValue
de.innogames.onyx.city.ancientwonders.views.gallery.RendererStrategy	380889	de_innogames_onyx_city_ancientwonders_views_gallery_RendererStrategy
de.innogames.onyx.city.buildingsets.data.SetBonusType	382721	de_innogames_onyx_city_buildingsets_data_SetBonusType
de.innogames.onyx.city.engine.snake.components.layers.BorderType	403775	de_innogames_onyx_city_engine_snake_components_layers_BorderType
de.innogames.onyx.city.entities.data.EntityState	406648	de_innogames_onyx_city_entities_data_EntityState
de.innogames.onyx.city.entities.effects.EffectModifiers	406668	de_innogames_onyx_city_entities_effects_EffectModifiers
de.innogames.onyx.city.entities.effects.configs.EffectBonusConditionalData	406724	de_innogames_onyx_city_entities_effects_configs_EffectBonusConditionalData
de.innogames.onyx.city.entities.effects.configs.EffectBonusTranscendenceData	406730	de_innogames_onyx_city_entities_effects_configs_EffectBonusTranscendenceData
de.innogames.onyx.city.entities.effects.configs.components.EffectConfigMetadataComponent	407218	de_innogames_onyx_city_entities_effects_configs_components_EffectConfigMetadataComponent
de.innogames.onyx.city.entities.pickers.helpers.SetBonusAdderMode	408046	de_innogames_onyx_city_entities_pickers_helpers_SetBonusAdderMode
de.innogames.onyx.city.inventoryitems.constants.InventoryType	414693	de_innogames_onyx_city_inventoryitems_constants_InventoryType
haxe.StackItem	416128	haxe_StackItem
de.innogames.onyx.shared.icons.IconSize	416349	de_innogames_onyx_shared_icons_IconSize
de.innogames.onyx.city.inventoryitems.data.properties.InventoryItemPropertyType	416597	de_innogames_onyx_city_inventoryitems_data_properties_InventoryItemPropertyType
de.innogames.onyx.city.inventoryitems.windows.data.InstantItemState	418422	de_innogames_onyx_city_inventoryitems_windows_data_InstantItemState
de.innogames.onyx.city.inventoryitems.windows.data.InventoryFilterProperties	418577	de_innogames_onyx_city_inventoryitems_windows_data_InventoryFilterProperties
de.innogames.onyx.city.inventoryitems.windows.data.InventorySortingProperties	418585	de_innogames_onyx_city_inventoryitems_windows_data_InventorySortingProperties
de.innogames.onyx.city.inventoryitems.windows.data.targets.factories.ItemTargetOption	419462	de_innogames_onyx_city_inventoryitems_windows_data_targets_factories_ItemTargetOption
de.innogames.onyx.city.mainevents.merge.kitchen.windows.components.grandprizeProgress.animator.WaitingQueueAnimation	426323	de_innogames_onyx_city_mainevents_merge_kitchen_windows_components_grandprizeProgress_animator_WaitingQueueAnimation
de.innogames.onyx.city.mainevents.seasonpass.views.dailyChest.DailyChestViewType	432176	de_innogames_onyx_city_mainevents_seasonpass_views_dailyChest_DailyChestViewType
de.innogames.onyx.city.mainevents.seasonpass.views.renderers.progress.ProgressRewardViewEventType	432900	de_innogames_onyx_city_mainevents_seasonpass_views_renderers_progress_ProgressRewardViewEventType
de.innogames.onyx.city.mainevents.seasonpass.views.renderers.quests.SeasonPassQuestRendererEventType	433375	de_innogames_onyx_city_mainevents_seasonpass_views_renderers_quests_SeasonPassQuestRendererEventType
de.innogames.onyx.city.mainevents.shared.components.constellations.StarSize	436375	de_innogames_onyx_city_mainevents_shared_components_constellations_StarSize
de.innogames.onyx.city.mainevents.shared.events.GridCellState	443483	de_innogames_onyx_city_mainevents_shared_events_GridCellState
de.innogames.onyx.city.mainevents.shared.events.CellsState	443508	de_innogames_onyx_city_mainevents_shared_events_CellsState
de.innogames.onyx.city.mainevents.shared.events.GridState	443528	de_innogames_onyx_city_mainevents_shared_events_GridState
de.innogames.onyx.city.mainevents.shared.windows.MainEventWindowViewType	444397	de_innogames_onyx_city_mainevents_shared_windows_MainEventWindowViewType
de.innogames.onyx.city.notifications.view.extensions.data.ExtensionData	457082	de_innogames_onyx_city_notifications_view_extensions_data_ExtensionData
de.innogames.onyx.city.notifications.view.extensions.data.ExtensionGroup	457093	de_innogames_onyx_city_notifications_view_extensions_data_ExtensionGroup
de.innogames.onyx.city.trade.constants.TradeCategory	461631	de_innogames_onyx_city_trade_constants_TradeCategory
de.innogames.onyx.city.transcendence.view.TranscendenceState	468720	de_innogames_onyx_city_transcendence_view_TranscendenceState
de.innogames.onyx.city.treasure.view.TreasureDecorationType	469640	de_innogames_onyx_city_treasure_view_TreasureDecorationType
de.innogames.onyx.shared.indicators.data.IndicatorType	475403	de_innogames_onyx_shared_indicators_data_IndicatorType
de.innogames.onyx.city.ui.windows.academy.cauldron.models.CauldronState	480963	de_innogames_onyx_city_ui_windows_academy_cauldron_models_CauldronState
de.innogames.onyx.city.ui.windows.academy.cauldron.models.ConvertibleResourceListState	480972	de_innogames_onyx_city_ui_windows_academy_cauldron_models_ConvertibleResourceListState
de.innogames.onyx.city.ui.windows.academy.cauldron.models.PotionEffectListState	480995	de_innogames_onyx_city_ui_windows_academy_cauldron_models_PotionEffectListState
de.innogames.onyx.city.ui.windows.academy.cauldron.models.data.GobletState	481309	de_innogames_onyx_city_ui_windows_academy_cauldron_models_data_GobletState
de.innogames.onyx.city.ui.windows.academy.cauldron.models.data.PotionEffectCardDisplayState	481395	de_innogames_onyx_city_ui_windows_academy_cauldron_models_data_PotionEffectCardDisplayState
de.innogames.onyx.city.ui.windows.academy.cauldron.views.brew._IngredientComponent.IngredientState	482743	de_innogames_onyx_city_ui_windows_academy_cauldron_views_brew__$IngredientComponent_IngredientState
de.innogames.onyx.city.ui.windows.academy.cauldron.views.brew.IngredientsListState	482853	de_innogames_onyx_city_ui_windows_academy_cauldron_views_brew_IngredientsListState
de.innogames.onyx.city.ui.windows.academy.cauldron.views.brew.IngredientAction	482859	de_innogames_onyx_city_ui_windows_academy_cauldron_views_brew_IngredientAction
de.innogames.onyx.city.ui.windows.academy.craftingredesign.control._CraftingController.ControllerDataState	489278	de_innogames_onyx_city_ui_windows_academy_craftingredesign_control__$CraftingController_ControllerDataState
de.innogames.onyx.city.ui.windows.academy.craftingredesign.data.CraftingHighlightsState	489504	de_innogames_onyx_city_ui_windows_academy_craftingredesign_data_CraftingHighlightsState
de.innogames.onyx.city.ui.windows.academy.craftingredesign.data.DisplayedRecipeState	489607	de_innogames_onyx_city_ui_windows_academy_craftingredesign_data_DisplayedRecipeState
de.innogames.onyx.city.ui.windows.academy.craftingredesign.data.MysticalObjectRewardState	489700	de_innogames_onyx_city_ui_windows_academy_craftingredesign_data_MysticalObjectRewardState
de.innogames.onyx.city.ui.windows.academy.craftingredesign.data.NormalRecipesState	489707	de_innogames_onyx_city_ui_windows_academy_craftingredesign_data_NormalRecipesState
de.innogames.onyx.city.ui.windows.academy.craftingredesign.data.RecipesRefreshState	489724	de_innogames_onyx_city_ui_windows_academy_craftingredesign_data_RecipesRefreshState
de.innogames.onyx.city.ui.windows.academy.craftingredesign.data.SpecialRecipesState	489731	de_innogames_onyx_city_ui_windows_academy_craftingredesign_data_SpecialRecipesState
de.innogames.onyx.city.ui.windows.academy.craftingredesign.data.viewmodel.CostType	489831	de_innogames_onyx_city_ui_windows_academy_craftingredesign_data_viewmodel_CostType
de.innogames.onyx.city.ui.windows.components.data.BuildingInfoComponentType	495940	de_innogames_onyx_city_ui_windows_components_data_BuildingInfoComponentType
de.innogames.onyx.cmp.models.UserCentricsState	512062	de_innogames_onyx_cmp_models_UserCentricsState
de.innogames.onyx.constants.ApplicationModuleName	512504	de_innogames_onyx_constants_ApplicationModuleName
de.innogames.onyx.constants.BattleType	512516	de_innogames_onyx_constants_BattleType
de.innogames.onyx.guardians.controller._GuardiansController.FetchState	514620	de_innogames_onyx_guardians_controller__$GuardiansController_FetchState
de.innogames.onyx.guardians.data.DisplayedState	514673	de_innogames_onyx_guardians_data_DisplayedState
de.innogames.onyx.guardians.data.GuardianAssetType	514679	de_innogames_onyx_guardians_data_GuardianAssetType
de.innogames.onyx.guardians.data.GuardianDisplayState	514718	de_innogames_onyx_guardians_data_GuardianDisplayState
de.innogames.onyx.guardians.data.GuardianHeaderVisibility	514771	de_innogames_onyx_guardians_data_GuardianHeaderVisibility
de.innogames.onyx.guardians.data.GuardianPanelState	514777	de_innogames_onyx_guardians_data_GuardianPanelState
de.innogames.onyx.guardians.data.GuardianStageOverviewState	514783	de_innogames_onyx_guardians_data_GuardianStageOverviewState
de.innogames.onyx.guardians.data.GuardianSummonState	514789	de_innogames_onyx_guardians_data_GuardianSummonState
de.innogames.onyx.guardians.views.windows.tabs.collection.GuardianCollectionItemEventType	516245	de_innogames_onyx_guardians_views_windows_tabs_collection_GuardianCollectionItemEventType
de.innogames.onyx.networking.vos.EnumClientSlotStateVO	529693	de_innogames_onyx_networking_vos_EnumClientSlotStateVO
de.innogames.onyx.networking.vos.EnumCurrencyEventMainRewardTypeVO	529703	de_innogames_onyx_networking_vos_EnumCurrencyEventMainRewardTypeVO
de.innogames.onyx.networking.vos.EnumGuardianStateVO	529710	de_innogames_onyx_networking_vos_EnumGuardianStateVO
de.innogames.onyx.networking.vos.EnumIppTypeVO	529717	de_innogames_onyx_networking_vos_EnumIppTypeVO
de.innogames.onyx.seasonalevents.models.data.properties.SeasonalEventPropertyType	545836	de_innogames_onyx_seasonalevents_models_data_properties_SeasonalEventPropertyType
de.innogames.onyx.shared.data.Data	549729	de_innogames_onyx_shared_data_Data
de.innogames.onyx.shared.dragAndDrop.DragAndDropState	550203	de_innogames_onyx_shared_dragAndDrop_DragAndDropState
de.innogames.onyx.shared.events.LoadType	550557	de_innogames_onyx_shared_events_LoadType
de.innogames.onyx.shared.events.PremiumConfirmationResult	550564	de_innogames_onyx_shared_events_PremiumConfirmationResult
de.innogames.onyx.shared.features.FeatureState	550711	de_innogames_onyx_shared_features_FeatureState
de.innogames.onyx.shared.guilds.events.PerkData	554093	de_innogames_onyx_shared_guilds_events_PerkData
de.innogames.onyx.shared.guilds.models.permissions.Permission	554297	de_innogames_onyx_shared_guilds_models_permissions_Permission
de.innogames.onyx.shared.guilds.views.tabbodies.perks.PerkRendererEventType	561331	de_innogames_onyx_shared_guilds_views_tabbodies_perks_PerkRendererEventType
de.innogames.onyx.shared.guilds.views.tabbodies.perks.PerkBodyEventType	561448	de_innogames_onyx_shared_guilds_views_tabbodies_perks_PerkBodyEventType
de.innogames.onyx.shared.quests.models.QuestGiverName	569547	de_innogames_onyx_shared_quests_models_QuestGiverName
de.innogames.onyx.shared.quests.models.RewardContext	569850	de_innogames_onyx_shared_quests_models_RewardContext
de.innogames.onyx.shared.rewards.views.RewardSelectionKitWindowViewType	577407	de_innogames_onyx_shared_rewards_views_RewardSelectionKitWindowViewType
de.innogames.onyx.shared.rewards.views.components.selectionwrappers.SelectionInterface	578812	de_innogames_onyx_shared_rewards_views_components_selectionwrappers_SelectionInterface
de.innogames.onyx.shared.tooltips.calculators.CalculatorResult	581534	de_innogames_onyx_shared_tooltips_calculators_CalculatorResult
de.innogames.onyx.shared.ui.components.combobox.PopoutPositioning	586562	de_innogames_onyx_shared_ui_components_combobox_PopoutPositioning
de.innogames.onyx.shared.ui.components.image.ConcreteSource	589555	de_innogames_onyx_shared_ui_components_image_ConcreteSource
de.innogames.onyx.shared.ui.components.scrollbar.ScrollBarType	593155	de_innogames_onyx_shared_ui_components_scrollbar_ScrollBarType
de.innogames.onyx.shared.ui.components.scrollbar.virtual.StrategyType	593365	de_innogames_onyx_shared_ui_components_scrollbar_virtual_StrategyType
de.innogames.onyx.shared.ui.hud.GameHudTypes	597970	de_innogames_onyx_shared_ui_hud_GameHudTypes
de.innogames.onyx.shared.ui.provider.BenefitContext	603437	de_innogames_onyx_shared_ui_provider_BenefitContext
de.innogames.onyx.shared.ui.windows.LayoutDirection	607972	de_innogames_onyx_shared_ui_windows_LayoutDirection
de.innogames.onyx.shared.ui.windows.components.SetBuildingBannerMode	609644	de_innogames_onyx_shared_ui_windows_components_SetBuildingBannerMode
de.innogames.onyx.shared.ui.windows.decorators.DecoratorType	610171	de_innogames_onyx_shared_ui_windows_decorators_DecoratorType
de.innogames.onyx.spire.constants.SpireEffectsSelectionDecoration	617105	de_innogames_onyx_spire_constants_SpireEffectsSelectionDecoration
de.innogames.onyx.spire.hud.benefits.models.SpireBenefitState	617988	de_innogames_onyx_spire_hud_benefits_models_SpireBenefitState
de.innogames.onyx.spire.hud.multiplayer.SpireProgressEventType	618299	de_innogames_onyx_spire_hud_multiplayer_SpireProgressEventType
de.innogames.onyx.spire.views.windows._SpireShopWindow.SpireShopState	625478	de_innogames_onyx_spire_views_windows__$SpireShopWindow_SpireShopState
de.innogames.onyx.spire.views.windows.overview.ParticipationData	628112	de_innogames_onyx_spire_views_windows_overview_ParticipationData
de.innogames.onyx.spire.views.windows.overview.RewardData	628121	de_innogames_onyx_spire_views_windows_overview_RewardData
de.innogames.onyx.spire.views.windows.overview.rounds.SpireRoundViewState	628997	de_innogames_onyx_spire_views_windows_overview_rounds_SpireRoundViewState
de.innogames.onyx.spire.wrappers.SpireRoundState	630287	de_innogames_onyx_spire_wrappers_SpireRoundState
de.innogames.onyx.spire.wrappers.SpireState	630297	de_innogames_onyx_spire_wrappers_SpireState
de.innogames.onyx.tournaments.views.overview.progress.GuildProgressEventType	640207	de_innogames_onyx_tournaments_views_overview_progress_GuildProgressEventType
de.innogames.onyx.videoads.data.FeatureId	642689	de_innogames_onyx_videoads_data_FeatureId
de.innogames.strategycity.main.model.data.notifications.NotificationFilterGroupId	662212	de_innogames_strategycity_main_model_data_notifications_NotificationFilterGroupId
feathers.controls.ButtonState	668520	feathers_controls_ButtonState
feathers.core.InvalidationFlag	668528	feathers_core_InvalidationFlag
feathers.controls.ScrollMode	675761	feathers_controls_ScrollMode
feathers.controls.ScrollPolicy	675768	feathers_controls_ScrollPolicy
feathers.controls.TextInputState	678306	feathers_controls_TextInputState
feathers.controls.ToggleButtonState	679498	feathers_controls_ToggleButtonState
feathers.core._FeathersControl.StyleDefinition	681880	feathers_core__$FeathersControl_StyleDefinition
feathers.graphics.FillStyle	683204	feathers_graphics_FillStyle
feathers.graphics.GradientBoxTransform	683212	feathers_graphics_GradientBoxTransform
feathers.graphics.LineStyle	683221	feathers_graphics_LineStyle
feathers.layout.AutoSizeMode	683848	feathers_layout_AutoSizeMode
feathers.layout.HorizontalAlign	683854	feathers_layout_HorizontalAlign
feathers.layout.RelativePosition	685800	feathers_layout_RelativePosition
feathers.layout.VerticalAlign	687591	feathers_layout_VerticalAlign
feathers.style._ClassVariantStyleProvider.StyleTarget	689836	feathers_style__$ClassVariantStyleProvider_StyleTarget
haxe.io.Encoding	693847	haxe_io_Encoding
haxe.ds.Either	694456	haxe_ds_Either
haxe.ds.Option	694680	haxe_ds_Option
haxe.io.Error	694774	haxe_io_Error
lime.app.MajorPerformanceCaveatTest	698819	lime_app_MajorPerformanceCaveatTest
lime.graphics.ImageChannel	699805	lime_graphics_ImageChannel
lime.graphics.ImageType	699813	lime_graphics_ImageType
lime.graphics.format.BMPType	700074	lime_graphics_format_BMPType
lime.ui.MouseCursor	704698	lime_ui_MouseCursor
openfl._internal.renderer.DrawCommandType	711284	openfl__$internal_renderer_DrawCommandType
openfl._internal.stage3D._AGALConverter.ProgramType	718942	openfl__$internal_stage3D__$AGALConverter_ProgramType
openfl._internal.stage3D._AGALConverter.RegisterUsage	719116	openfl__$internal_stage3D__$AGALConverter_RegisterUsage
tink.core.FutureStatus	757901	tink_core_FutureStatus
tink.core.Outcome	758194	tink_core_Outcome
tink.state.PromisedWith	759025	tink_state_PromisedWith
